experiment_day,absolute_effect
1,-0.013713489842107407
2,0.0491527616091062
3,0.0021853146853146876
4,-0.0033196754610982926
5,0.009182692307692308
6,0.06391935090017092
7,-0.005661674263801486
8,-0.014020610994975646
9,0.013188561428628232
10,0.013543927559272806
11,0.021491476848672975
12,0.006131078224101527
13,0.01599294956937236
14,-0.008131254811393374
15,-0.0030747471020508566
16,0.01544886870489015
17,0.04709230514560764
18,0.03872618161566849
19,0.03523394936438412
20,-0.0014040883749741884
21,0.02798507462686567
22,-0.01099194823946964
23,-0.002774579783559772
24,-0.032435800063247144
25,0.05898537426848949
26,0.010136016936863779
27,0.01610254592710736
28,-0.010451045104510448
