assignment_date,experiment_group,assigned_users,purchases,revenue,refunds,support_contacts
2025-02-03,control,801,369,34136.64,17,66
2025-02-03,treatment,839,375,33316.02,18,61
2025-02-04,control,846,376,35062.87,16,56
2025-02-04,treatment,859,424,38206.7,28,54
2025-02-05,control,858,390,37996.63,14,81
2025-02-05,treatment,832,380,33939.28,20,53
2025-02-06,control,909,441,43188.09,20,75
2025-02-06,treatment,853,411,39311.87,17,57
2025-02-07,control,900,432,41305.3,18,76
2025-02-07,treatment,832,407,37597.13,24,60
2025-02-08,control,842,378,36610.37,10,65
2025-02-08,treatment,856,439,41230.35,17,50
2025-02-09,control,816,380,35914.28,18,59
2025-02-09,treatment,813,374,34468.77,14,59
2025-02-10,control,915,456,43793.27,12,83
2025-02-10,treatment,894,433,40155.59,22,44
2025-02-11,control,870,416,39529.69,18,62
2025-02-11,treatment,867,426,39678.35,14,61
2025-02-12,control,850,403,36780.21,15,71
2025-02-12,treatment,851,415,38658.54,18,43
2025-02-13,control,817,375,35745.55,16,56
2025-02-13,treatment,820,394,38397.46,9,55
2025-02-14,control,860,413,39979.17,21,61
2025-02-14,treatment,880,428,39007.82,22,57
2025-02-15,control,846,401,38143.83,9,57
2025-02-15,treatment,849,416,37802.69,17,61
2025-02-16,control,866,422,38662.7,13,76
2025-02-16,treatment,864,414,39050.27,15,68
2025-02-17,control,888,424,39984.82,20,71
2025-02-17,treatment,879,417,38892.23,22,67
2025-02-18,control,836,398,39084.41,20,48
2025-02-18,treatment,885,435,39908.56,12,54
2025-02-19,control,910,419,39352.26,16,74
2025-02-19,treatment,863,438,41178.06,24,55
2025-02-20,control,839,398,38245.22,18,56
2025-02-20,treatment,916,470,41600.49,24,64
2025-02-21,control,880,394,37433.05,23,61
2025-02-21,treatment,851,411,37312.24,19,54
2025-02-22,control,835,387,36354.47,18,72
2025-02-22,treatment,870,402,36489.090000000004,25,62
2025-02-23,control,832,376,35895.25,10,60
2025-02-23,treatment,871,418,39531.19,14,66
2025-02-24,control,862,420,37032.28,24,66
2025-02-24,treatment,842,401,34645.71,23,55
2025-02-25,control,860,426,39995.78,14,71
2025-02-25,treatment,808,398,36371.07,19,51
2025-02-26,control,838,403,38546.44,11,78
2025-02-26,treatment,883,396,38039.64,16,62
2025-02-27,control,879,401,38548.32,12,77
2025-02-27,treatment,889,458,42787.45,18,76
2025-02-28,control,820,370,36785.74,13,67
2025-02-28,treatment,841,388,35135.05,24,52
2025-03-01,control,891,415,37891.4,26,64
2025-03-01,treatment,855,412,38359.65,27,60
2025-03-02,control,808,390,36730.72,13,77
2025-03-02,treatment,864,408,39411.97,18,63
